{"cameraMode":{"drawMode":0,"name":"Shaded","section":"Shading Mode"},"sceneLighting":true,"audioPlay":false,"sceneViewState":{"showFog":true,"showMaterialUpdate":false,"showSkybox":true,"showFlares":true,"showImageEffects":true,"showParticleSystems":true},"in2DMode":false,"pivot":{"x":1.6283780336380005,"y":1.1725473403930665,"z":-6.2911553382873539},"rotation":{"x":0.14747586846351624,"y":-0.5226661562919617,"z":0.09235654026269913,"w":0.8345926403999329},"size":6.711535453796387,"orthographic":true}