{"cameraMode":{"drawMode":0,"name":"Shaded","section":"Shading Mode"},"sceneLighting":true,"audioPlay":false,"sceneViewState":{"showFog":true,"showMaterialUpdate":false,"showSkybox":true,"showFlares":true,"showImageEffects":true,"showParticleSystems":true},"in2DMode":false,"pivot":{"x":3.1843209266662599,"y":1.763415813446045,"z":-16.840045928955079},"rotation":{"x":-0.06825858354568482,"y":0.8986496925354004,"z":-0.15102392435073853,"w":-0.4061731994152069},"size":10.2056245803833,"orthographic":true}