{"cameraMode":{"drawMode":0,"name":"Shaded","section":"Shading Mode"},"sceneLighting":true,"audioPlay":false,"sceneViewState":{"showFog":true,"showMaterialUpdate":true,"showSkybox":true,"showFlares":true,"showImageEffects":true,"showParticleSystems":true},"in2DMode":false,"pivot":{"x":-0.14013671875,"y":0.2880859375,"z":2.973846435546875},"rotation":{"x":-0.08532688021659851,"y":-0.773805558681488,"z":0.10561439394950867,"w":-0.6188331842422485},"size":3.9980010986328127,"orthographic":true}